name,org,email,industry,profile,notes
Danielle,Test Org,danielleadams1208@gmail.com,Nonprofit,Testing the outreach system
,The Epilepsy Association,contact@epilepsyassociation.com,Nonprofit,Health and medical services nonprofit in Orlando
,A Gift for Teaching Inc,info@agiftforteaching.org,Nonprofit,Education and school supplies nonprofit in Orlando
,The Orlando Philharmonic Orchestra,info@orlandophil.org,Nonprofit,Arts and performing arts nonprofit in Orlando
,Second Harvest Food Bank of Central Florida,info@feedhopenow.org,Nonprofit,Hunger relief and food distribution nonprofit in Orlando
,Habitat for Humanity of Greater Orlando,Info@HabitatOrlando.org,Nonprofit,Affordable housing and community development nonprofit in Orlando
,Heart of Florida United Way,HFUWevents@hfuw.org,Nonprofit,Education health and financial stability nonprofit in Orlando
,Seniors First Inc,info@seniorsfirstinc.org,Nonprofit,Senior services and meals nonprofit in Orlando
,Homeless Services Network of Central Florida,info@hsncfl.org,Nonprofit,Homeless services and housing nonprofit in Orlando
,Orlando Gay Chorus Inc,tickets@orlandogaychorus.org,Nonprofit,Arts and LGBTQ community nonprofit in Orlando
,Aspire Health Partners Inc,info@aspirehp.org,Nonprofit,Mental health and behavioral health nonprofit in Orlando
,Lift Orlando,lift@liftorlando.org,Nonprofit,Community development and neighborhood revitalization nonprofit in Orlando
,Coalition for the Homeless of Central Florida,jessica.guzman@cflhomeless.org,Nonprofit,Homeless services nonprofit in Orlando
,Goodwill Industries of Central Florida,marketing@goodwillcfl.org,Nonprofit,Employment services and job training nonprofit in Orlando
,First Orlando Foundation Inc,ContactUs@FirstOrlando.com,Nonprofit,Faith-based education and community nonprofit in Orlando
,Boys & Girls Clubs of Central Florida,PRmarketing@bgccf.org,Nonprofit,Youth development and after-school programs nonprofit in Orlando
,Covenant House Florida,chf@covenanthousefl.org,Nonprofit,Youth homelessness and crisis services nonprofit in Orlando
,New Image Youth Center,info@newimageyouth.org,Nonprofit,Youth development and community empowerment nonprofit in Orlando
,Pathlight Home,info@pathlighthome.org,Nonprofit,Early childhood education and child development nonprofit in Orlando
,Ronald McDonald House Charities Central Florida,accounting@rmhccf.org,Nonprofit,Family support and healthcare nonprofit in Orlando
,College Park Main Street,director@thedrivecollegepark.com,Nonprofit,Arts and community development nonprofit in Orlando
,Adult Literacy League,info@adultliteracyleague.org,Nonprofit,Adult literacy and education nonprofit in Orlando
,Arts & Cultural Alliance of Central Florida,info@cfcarts.com,Nonprofit,Arts and culture nonprofit in Central Florida
,Back2Back Ministries,info@back2back.org,Nonprofit,Youth and family services nonprofit in Central Florida
,Boys Town Central Florida,helpkids@hope.boystown.org,Nonprofit,Youth development and crisis services nonprofit in Central Florida
,Dave Thomas Foundation for Adoption,info@davethomasfoundation.org,Nonprofit,Foster care and adoption nonprofit
,Foundation for Foster Children,info@foundationforfosterchildren.org,Nonprofit,Foster care support nonprofit in Central Florida
,Hubbard House,hubbardhouse@hubbardhouse.org,Nonprofit,Domestic violence services nonprofit in Central Florida
,iFoster,support@ifoster.org,Nonprofit,Foster youth support nonprofit
,Frameworks of Tampa Bay,info@myframeworks.org,Nonprofit,Financial empowerment and housing nonprofit in Tampa
,The Spring of Tampa Bay,info@thespring.org,Nonprofit,Domestic violence services nonprofit in Tampa
,Dawning Family Services,info@dawningfamilyservices.org,Nonprofit,Family services and counseling nonprofit in Tampa
,Habitat for Humanity of Hillsborough County,info@habitathillsborough.org,Nonprofit,Affordable housing nonprofit in Tampa
,Big Brothers Big Sisters of Tampa Bay,info@bbbstampabay.org,Nonprofit,Youth mentoring nonprofit in Tampa
,Community Foundation of Tampa Bay,info@cftampabay.org,Nonprofit,Community foundation and grantmaking in Tampa
,Deep Center,writewithus@deepcenter.org,Nonprofit,Youth creative arts nonprofit in Savannah GA
,Alabama Possible,info@alabamapossible.org,Nonprofit,Poverty advocacy nonprofit in Birmingham AL
,Open Table Nashville,info@opentablenashville.org,Nonprofit,Homelessness services nonprofit in Nashville TN
,Swamp Gravy Institute,stories@swampgravy.com,Nonprofit,Community storytelling nonprofit in Colquitt GA
,Cahaba Medical Care Foundation,contact@cahabamedicalcare.com,Nonprofit,Rural health nonprofit in Centreville AL
,Palmetto Project,charleston@palmettoproject.org,Nonprofit,Community development nonprofit in Columbia SC
,Project Unity USA,info@projectunityusa.org,Nonprofit,Conflict resolution nonprofit in Columbia SC
,Humane Society of South Mississippi,info@hssm.org,Nonprofit,Animal welfare nonprofit in Gulfport MS
,Children's Defense Fund,cdfinfo@childrensdefense.org,Nonprofit,Child advocacy nonprofit Southern region
,Arkansas Advocates for Children and Families,connect@aradvocates.org,Nonprofit,Child policy advocacy nonprofit in Little Rock AR
,Love Beyond Walls,info@lovebeyondwalls.org,Nonprofit,Homelessness and community dignity nonprofit in Atlanta GA
,Mercy Chefs,info@mercychefs.com,Nonprofit,Disaster relief food nonprofit in Gulf Coast
,A Way Home America,info@awayhomeamerica.org,Nonprofit,Youth homelessness nonprofit in Nashville TN
,Community Renewal International,info@communityrenewal.org,Nonprofit,Housing and community development nonprofit in Shreveport LA
,Centro Hispano of Durham,info@centrohispano.org,Nonprofit,Latino community services nonprofit in Durham NC
,Tennessee Immigrant and Refugee Rights Coalition,media@tnimmigrant.org,Nonprofit,Immigrant rights nonprofit in Nashville TN
,Georgia Latino Alliance for Human Rights,info@glahr.org,Nonprofit,Immigrant advocacy nonprofit in Atlanta GA
,Centerstone,Customer.care@centerstone.org,Nonprofit,Mental health outreach nonprofit in rural Tennessee
,Wellspring Living,info@wellspringliving.org,Nonprofit,Recovery and trafficking survivors nonprofit in Atlanta GA
,OUTMemphis,info@outmemphis.org,Nonprofit,LGBTQ community center nonprofit in Memphis TN
,Time Out Youth,info@timeoutyouth.org,Nonprofit,LGBTQ youth nonprofit in Charlotte NC
,Mountain Association,info@mtassociation.org,Nonprofit,Rural Kentucky community development nonprofit
,High Country Community Health,info@hcchmail.org,Nonprofit,Rural health nonprofit in Boone NC
,Chattahoochee Riverkeeper,info@chattahoochee.org,Nonprofit,Waterway protection nonprofit in Atlanta GA
,Gulf Restoration Network,communications@healthygulf.org,Nonprofit,Gulf Coast environment nonprofit in New Orleans LA
,Texas Campaign for the Environment,contact@texasenvironment.org,Nonprofit,Environmental organizing nonprofit in Austin TX
,WordPlay Cincy,info@wordplaycincy.org,Nonprofit,Literacy through arts nonprofit in TN and GA
,Second Harvest of Middle Tennessee,info@secondharvestmidtn.org,Nonprofit,Food access nonprofit in Middle Tennessee
,Goodwill Industries South Mississippi,goodwill@goodwillms.org,Nonprofit,Job training nonprofit in Gulfport MS
,Reach Out and Read,info@reachoutandread.org,Nonprofit,Early literacy nonprofit Gulf Coast
,Special Olympics Florida,teresaehrman@sofl.org,Nonprofit,Sports and inclusion programs for people with intellectual disabilities in Clermont FL
,National Entrepreneur Center,christian@nationalec.org,Nonprofit,Entrepreneurship support and small business resources in Orlando FL
,Junior Achievement of Central Florida,info@jacentralfl.org,Nonprofit,Youth financial literacy and workforce readiness nonprofit in Orlando FL
,Pathway Homes of Florida,contact@pathwayhomesflorida.org,Nonprofit,Affordable housing and supportive services nonprofit in Orlando FL
,Identity Ministries Inc,kalen@identityministries.net,Nonprofit,Faith-based community services nonprofit in Orlando FL
,Poinsette Foundation,mia@poinsettefoundation.com,Nonprofit,Community empowerment and education foundation in Orlando FL
,FIRST Robotics,marketing@firstinspires.org,Nonprofit,STEM and robotics education nonprofit in Orlando FL
,Feed and Fortify Community Organization,Feedandfortifyorg@gmail.com,Nonprofit,Food access and community support nonprofit in Orlando FL
,United Against Poverty Orlando,marketing@unitedagainstpoverty.org,Nonprofit,Poverty relief and community services nonprofit in Orlando FL
,Camp Boggy Creek,info@campboggycreek.org,Nonprofit,Camp for children with serious illnesses in Orlando FL
,Opera Orlando,info@operaorlando.org,Nonprofit,Arts and performing arts nonprofit in Orlando FL
,True Health,info@mytruehealth.org,Nonprofit,Community health clinic nonprofit in Orlando FL
,Early Learning Coalition of Orange County,kschulz@elcoc.org,Nonprofit,Early childhood education and child care nonprofit in Orlando FL
,Samaritan Resource Center,Zeynep@samaritanresourcecenter.org,Nonprofit,Community resource and social services nonprofit in Orlando FL
,Rebuild Yourself Inc,Info@RebuildYourself.org,Nonprofit,Self-care and wellness empowerment nonprofit in Orlando FL
,One Heart for Women and Children,helponeheart@gmail.com,Nonprofit,Support services for women and children nonprofit in Orlando FL
,Lutheran Haven Inc,marketing@lutheranhaven.org,Nonprofit,Senior living and retirement community nonprofit in Oviedo FL
,Christian Service Center for Central Florida,EmailUs@ChristianServiceCenter.org,Nonprofit,Basic needs and social services nonprofit in Orlando FL
,The Cloud Family Foundation,jecloud@cff-inc.org,Nonprofit,Family support and community programs nonprofit in Orlando FL
,Lighthouse Central Florida,communications@lcf-fl.org,Nonprofit,Vision loss support and empowerment nonprofit in Orlando FL
,Hope Community Center,info@hcc-offm.org,Nonprofit,Immigrant services and community support nonprofit in Apopka FL
,CAN Community Health,canmarketing@cancommunityhealth.org,Nonprofit,HIV prevention and treatment nonprofit in Orlando FL
,Vita Foundation Corporation,vitafoundationusa@gmail.com,Nonprofit,Ballroom dance accessibility nonprofit in Winter Park FL
,Winter Park PRIDE Project,winterparkpride@gmail.com,Nonprofit,LGBTQ visibility and community nonprofit in Winter Park FL
,Alzheimer's and Dementia Resource Center,robin@adrccares.org,Nonprofit,Alzheimer and dementia caregiver support nonprofit in Winter Park FL
,Cannonball Kids Cancer Foundation,info@cannonballkidscancer.org,Nonprofit,Childhood cancer support nonprofit in Winter Park FL
,Central Florida Dreamplex,info@cfldreamplex.com,Nonprofit,Disability programs and services nonprofit in Winter Park FL
,Down Syndrome Association of Central Florida,info@dsacf.org,Nonprofit,Down syndrome programs and community nonprofit in Winter Park FL
,Dress for Success Greater Orlando,orlando@dressforsuccess.org,Nonprofit,Job and career support for women nonprofit in Orlando FL
,Girl Scouts of Citrus Council,customercare@citrus-gs.org,Nonprofit,Youth development and leadership for girls nonprofit in Orlando FL
,Quest Inc,communications@questinc.org,Nonprofit,Disabilities support and services nonprofit in Orlando FL
,All About You Angels Inc,aayangels@gmail.com,Nonprofit,Community support nonprofit in Ocala FL
,Artify Ocala Inc,info@artifyocala.org,Nonprofit,Arts and community nonprofit in Ocala FL
,Better Together,info@bettertogetherus.org,Nonprofit,Community development nonprofit in Ocala FL
,Beyond Us Community Development,info@revealingtruthocc.org,Nonprofit,Community development nonprofit in Ocala FL
,Break Barriers,info@ibreakbarriers.org,Nonprofit,Community empowerment nonprofit in Ocala FL
,Bridle Up Hope,info@bridleuphope.org,Nonprofit,Equine therapy and youth nonprofit in Ocala FL
,CASA Community Action Stops Abuse,info@casamarion.org,Nonprofit,Domestic violence services nonprofit in Ocala FL
,Central Florida Community Action Agency,info@cfcaa.org,Nonprofit,Anti-poverty and community services nonprofit in Ocala FL
,Champions for Champions,info@championsforchampions.org,Nonprofit,Youth sports and mentoring nonprofit in Ocala FL
,Circle Up Center for Practical Peacebuilding,info@circleupcenter.org,Nonprofit,Conflict resolution and peacebuilding nonprofit in Ocala FL
,Critical Aspects Inc,admin@criticalaspects.org,Nonprofit,Community services nonprofit in Ocala FL
,Education for Life Women's Pregnancy Center,info@educationforlife.org,Nonprofit,Women's health and pregnancy support nonprofit in Ocala FL
,The Rock Program,info@therockprogram.org,Nonprofit,Youth development and empowerment nonprofit in Ocala FL
,Estella Byrd Whitman Wellness Center,ebwwcrc@gmail.com,Nonprofit,Community wellness and resource center nonprofit in Ocala FL
,Fine Arts For Ocala FAFO,fafoocala@gmail.com,Nonprofit,Arts and culture nonprofit in Ocala FL
,Florida Cancer Specialists Foundation,Foundation@FLCancer.com,Nonprofit,Cancer support foundation in Ocala FL
,Friends of Freedom Public Library,Friends@FOFLibrary.org,Nonprofit,Library support nonprofit in Ocala FL
,Ocala Horse Alliance Foundation,mail@ocalahorsealliance.com,Nonprofit,Equine welfare and community nonprofit in Ocala FL
,One Jamaica Global Foundation,Contact@onejamaicaglobalfoundation.org,Nonprofit,Community and cultural nonprofit in Ocala FL
,Open Arms Village,oav.director@yahoo.com,Nonprofit,Community housing and support nonprofit in Ocala FL
,Patriot Service Dogs,info@patriotservicedogs.org,Nonprofit,Veterans and service dog nonprofit in Ocala FL
,Perpetual Care,info@perpetualcare.org,Nonprofit,Community care nonprofit in Ocala FL
,Prevailing Hope,prevailinghopefl@gmail.com,Nonprofit,Community hope and support nonprofit in Ocala FL
,Refuge of Hope Independent Living,info@refugeofhopeilinc.org,Nonprofit,Independent living support nonprofit in Ocala FL
,Voices of Change Animal League VOCAL,info@vocalforpets.org,Nonprofit,Animal rescue and welfare nonprofit in Ocala FL
,Covenant Children's Home,info@covenantchildrenshome.org,Nonprofit,Children's residential care nonprofit in Ocala FL
,God Belongs in My City Florida,florida@godbelongsinmycity.com,Nonprofit,Faith-based community nonprofit in Ocala FL
,Kathryn Leigh Thurgaland Foundation,Contact@KLTFoundation.com,Nonprofit,Community foundation nonprofit in Ocala FL
,Made for Teachers,madeforteacherss@gmail.com,Nonprofit,Teacher support nonprofit in Ocala FL
,Ocala Farm Ministry,ocalafarmministry@gmail.com,Nonprofit,Faith-based food and community ministry in Ocala FL
,Kids Central Inc,info@kidscentralinc.org,Nonprofit,Child welfare and foster care nonprofit in Ocala FL
,Kimberly's Center for Child Protection,info@kimberlyscenter.org,Nonprofit,Child protection and advocacy nonprofit in Ocala FL
,Marion County Literacy Council,info@marionliteracy.org,Nonprofit,Adult literacy nonprofit in Ocala FL
,Marion Cultural Alliance,info@mcaocala.org,Nonprofit,Arts and culture nonprofit in Ocala FL
,Magnolia Art Xchange,info@maxocala.org,Nonprofit,Arts and community nonprofit in Ocala FL
,NAMI Ocala,info@namimarioncountyfl.org,Nonprofit,Mental health advocacy nonprofit in Ocala FL
,Gentle Carousel Miniature Therapy Horses,gentlecarousel@gmail.com,Nonprofit,Therapeutic miniature horse nonprofit in Ocala FL
,Girl Scouts of West Central Florida,info@gswcf.org,Nonprofit,Youth development and leadership for girls nonprofit in Ocala FL
,Giving a Leg Up,info@givingalegup.org,Nonprofit,Community support nonprofit in Ocala FL
,Hands of Mercy Everywhere,info@handsofmercyeverywhere.org,Nonprofit,Community outreach and mercy services nonprofit in Ocala FL
,His House for Her,info@hishouseforher.org,Nonprofit,Women's shelter and support nonprofit in Ocala FL
,Horse Farms Forever,lead.horse@horsefarmsforever.com,Nonprofit,Land conservation and equine nonprofit in Ocala FL
,Humane Society of Marion County,info@thehsmc.org,Nonprofit,Animal welfare nonprofit in Ocala FL
,Saddle Up Scholars,learn@saddleupscholars.org,Nonprofit,Equine and youth education nonprofit in Ocala FL
,Sozo Kids,Info.Sozokids@gmail.com,Nonprofit,Children and family support nonprofit in Ocala FL
,The RoomsLiving,info@therl.org,Nonprofit,Community housing and support nonprofit in Ocala FL
,Transitions Life Center,info@tlcocala.org,Nonprofit,Recovery and life transitions nonprofit in Ocala FL
,Voices for Children of North Central Florida,sue@voices4childrenfl.org,Nonprofit,Child advocacy nonprofit in Ocala FL
,Sulzbacher Center,Community@sulzbacherjax.org,Nonprofit,Homeless services and shelter nonprofit in Jacksonville FL
,Clara White Mission,info@clarawhitemission.org,Nonprofit,Community services and food programs nonprofit in Jacksonville FL
,Cathedral Arts Project,jtolbert@capkids.org,Nonprofit,Arts education for youth nonprofit in Jacksonville FL
,Community Hospice and Palliative Care,foundation@communityhospice.com,Nonprofit,Hospice and palliative care nonprofit in Jacksonville FL
,Daniel Kids,info@danielkids.org,Nonprofit,Child welfare and family services nonprofit in Jacksonville FL
,Feeding Northeast Florida,info@feedingnefl.org,Nonprofit,Food access and hunger relief nonprofit in Jacksonville FL
,Gateway Community Services,info@gwjax.com,Nonprofit,Substance abuse and mental health services nonprofit in Jacksonville FL
,KIPP Jacksonville,info@kippjax.org,Nonprofit,Public charter school and education nonprofit in Jacksonville FL
,Pace Center for Girls,info@pacecenter.org,Nonprofit,Education and life skills nonprofit for girls in Jacksonville FL
,River Garden Senior Services,marketing@rivergarden.org,Nonprofit,Senior services and elder care nonprofit in Jacksonville FL
,St Johns Riverkeeper,sara@stjohnsriverkeeper.org,Nonprofit,Waterway protection and environmental nonprofit in Jacksonville FL
,Ability Housing,info@abilityhousing.org,Nonprofit,Affordable housing nonprofit in Jacksonville FL
,904WARD,info@904WARD.org,Nonprofit,Community development and civic engagement nonprofit in Jacksonville FL
,Brooks Rehabilitation,info@brooksrehab.org,Nonprofit,Rehabilitation and healthcare nonprofit in Jacksonville FL
,Communities in Schools Jacksonville,info@cisjax.org,Nonprofit,Youth dropout prevention and student support nonprofit in Jacksonville FL
,Jacksonville Humane Society,info@jaxhumane.org,Nonprofit,Animal welfare and adoption nonprofit in Jacksonville FL
,Operation New Hope,info@operationnewhope.org,Nonprofit,Reentry and workforce development nonprofit in Jacksonville FL
,Rethreaded,info@rethreaded.com,Nonprofit,Trafficking survivor employment nonprofit in Jacksonville FL
,Urban League of Jacksonville,r.danford@jaxul.org,Nonprofit,Economic empowerment and civil rights nonprofit in Jacksonville FL
,Women's Center of Jacksonville,info@thewcj.org,Nonprofit,Women's services and empowerment nonprofit in Jacksonville FL
,Harry Chapin Food Bank,info@harrychapinfoodbank.org,Nonprofit,Food access and hunger relief nonprofit in Fort Myers FL
,Abuse Counseling and Treatment Inc,info@actabuse.com,Nonprofit,Domestic violence and sexual assault services nonprofit in Fort Myers FL
,Southwest Florida Community Foundation,info@floridacommunity.com,Nonprofit,Community grantmaking and leadership nonprofit in Fort Myers FL
,Lutheran Services Florida Fort Myers,info@lsfnet.org,Nonprofit,Social services and refugee support nonprofit in Fort Myers FL
,PACE Center for Girls Lee County,info@pacecenter.org,Nonprofit,Girls education and empowerment nonprofit in Fort Myers FL
,Morphe Beauty,partnerships@morphe.com,Brand,brand,Past brand partner -- UGC and content
,Fashion to Figure,press@fashiontofigure.com,Brand,brand,Past brand partner
,BH Cosmetics,influencer@bhcosmetics.com,Brand,brand,Past brand partner
,ELOQUII,press@eloquii.com,Brand,brand,Past brand partner -- plus-size fashion
,Alpine Butterfly Swim,hello@alpinebutterflyswim.com,Brand,brand,Past brand partner
,Hilton Hotels,influencer.partnerships@hilton.com,Brand,brand,Past partner -- Hilton said she was a pleasure to work with
,Curvy Sense,press@curvysense.com,Brand,brand,Past brand partner
,Modcloth,partnerships@modcloth.com,Brand,brand,Past brand partner
,Universal Standard,press@universalstandard.com,Brand,brand,Size-inclusive fashion -- strong alignment
,Savage X Fenty,influencer@savagex.com,Brand,brand,Size-inclusive -- active influencer program
,Wilhelmina Models,newfaces@wilhelmina.com,Talent Agency,talent,Plus/curve division -- seeking representation
,IMG Models,newfaces@imgmodels.com,Talent Agency,talent,Seeking representation -- actress model host
,CESD Talent Agency,info@cesdtalent.com,Talent Agency,talent,Seeking representation -- actress model host
,FSU Department of Sociology,sociology@fsu.edu,University,speaker,FSU sociology dept -- speaker inquiry body image media literacy
,UNF Department of Sociology,sociology@unf.edu,University,speaker,UNF sociology dept -- speaker inquiry representation
